product_id,store_id,stock_level,last_restock_date
27,1,69,2025-07-06
9,1,188,2025-07-06
28,1,133,2025-07-06
301,1,102,2025-07-06
459,1,198,2025-07-06
216,1,89,2025-07-06
250,1,12,2025-07-06
21,1,49,2025-07-06
488,1,126,2025-07-06
32,1,200,2025-07-06
220,1,108,2025-07-06
183,1,67,2025-07-06
385,1,105,2025-07-06
362,1,149,2025-07-06
184,1,154,2025-07-06
315,1,150,2025-07-06
163,1,39,2025-07-06
61,1,113,2025-07-06
430,1,199,2025-07-06
242,1,135,2025-07-06
465,1,96,2025-07-06
233,1,73,2025-07-06
258,1,122,2025-07-06
12,1,44,2025-07-06
174,1,33,2025-07-06
64,1,65,2025-07-06
264,1,68,2025-07-06
112,1,82,2025-07-06
185,1,129,2025-07-06
48,1,71,2025-07-06
475,1,96,2025-07-06
325,1,15,2025-07-06
287,1,154,2025-07-06
374,1,186,2025-07-06
391,1,82,2025-07-06
404,1,26,2025-07-06
449,1,130,2025-07-06
161,1,19,2025-07-06
469,1,186,2025-07-06
226,1,73,2025-07-06
215,1,112,2025-07-06
491,1,34,2025-07-06
439,1,101,2025-07-06
74,1,5,2025-07-06
38,1,163,2025-07-06
22,1,89,2025-07-06
249,1,81,2025-07-06
393,1,21,2025-07-06
102,1,9,2025-07-06
195,1,24,2025-07-06
72,2,93,2025-07-06
483,2,117,2025-07-06
416,2,169,2025-07-06
157,2,153,2025-07-06
417,2,131,2025-07-06
471,2,54,2025-07-06
447,2,68,2025-07-06
425,2,115,2025-07-06
88,2,95,2025-07-06
261,2,185,2025-07-06
407,2,127,2025-07-06
132,2,19,2025-07-06
308,2,69,2025-07-06
352,2,94,2025-07-06
174,2,141,2025-07-06
125,2,110,2025-07-06
218,2,43,2025-07-06
10,2,135,2025-07-06
200,2,9,2025-07-06
190,2,165,2025-07-06
318,2,28,2025-07-06
103,2,80,2025-07-06
242,2,166,2025-07-06
159,2,159,2025-07-06
108,2,139,2025-07-06
302,2,12,2025-07-06
230,2,160,2025-07-06
60,2,114,2025-07-06
33,2,110,2025-07-06
252,2,154,2025-07-06
306,2,20,2025-07-06
240,2,161,2025-07-06
359,2,13,2025-07-06
478,2,1,2025-07-06
227,2,33,2025-07-06
107,2,113,2025-07-06
281,2,161,2025-07-06
322,2,84,2025-07-06
468,2,36,2025-07-06
29,2,70,2025-07-06
25,2,17,2025-07-06
327,2,167,2025-07-06
454,2,33,2025-07-06
146,2,0,2025-07-06
220,2,134,2025-07-06
236,2,62,2025-07-06
50,2,4,2025-07-06
62,2,132,2025-07-06
293,2,58,2025-07-06
278,2,181,2025-07-06
339,3,121,2025-07-06
162,3,170,2025-07-06
171,3,105,2025-07-06
49,3,24,2025-07-06
380,3,181,2025-07-06
86,3,93,2025-07-06
486,3,133,2025-07-06
209,3,92,2025-07-06
170,3,68,2025-07-06
197,3,52,2025-07-06
203,3,35,2025-07-06
64,3,174,2025-07-06
287,3,86,2025-07-06
138,3,156,2025-07-06
383,3,141,2025-07-06
99,3,156,2025-07-06
180,3,43,2025-07-06
88,3,131,2025-07-06
329,3,117,2025-07-06
226,3,170,2025-07-06
270,3,109,2025-07-06
297,3,189,2025-07-06
68,3,111,2025-07-06
299,3,2,2025-07-06
118,3,114,2025-07-06
140,3,31,2025-07-06
325,3,7,2025-07-06
148,3,149,2025-07-06
21,3,79,2025-07-06
434,3,41,2025-07-06
496,3,157,2025-07-06
409,3,124,2025-07-06
357,3,176,2025-07-06
137,3,35,2025-07-06
303,3,150,2025-07-06
133,3,52,2025-07-06
26,3,156,2025-07-06
195,3,148,2025-07-06
107,3,97,2025-07-06
82,3,5,2025-07-06
106,3,114,2025-07-06
93,3,162,2025-07-06
18,3,81,2025-07-06
388,3,78,2025-07-06
368,3,14,2025-07-06
332,3,143,2025-07-06
166,3,34,2025-07-06
216,3,147,2025-07-06
392,3,41,2025-07-06
402,3,112,2025-07-06
465,4,137,2025-07-06
98,4,81,2025-07-06
259,4,123,2025-07-06
428,4,8,2025-07-06
288,4,2,2025-07-06
7,4,22,2025-07-06
213,4,104,2025-07-06
415,4,28,2025-07-06
251,4,167,2025-07-06
240,4,17,2025-07-06
466,4,183,2025-07-06
454,4,64,2025-07-06
226,4,11,2025-07-06
145,4,37,2025-07-06
126,4,81,2025-07-06
107,4,138,2025-07-06
284,4,4,2025-07-06
100,4,178,2025-07-06
229,4,36,2025-07-06
138,4,66,2025-07-06
371,4,66,2025-07-06
397,4,39,2025-07-06
308,4,189,2025-07-06
494,4,160,2025-07-06
92,4,122,2025-07-06
256,4,13,2025-07-06
390,4,194,2025-07-06
324,4,117,2025-07-06
30,4,64,2025-07-06
31,4,59,2025-07-06
463,4,104,2025-07-06
104,4,140,2025-07-06
337,4,41,2025-07-06
476,4,91,2025-07-06
333,4,1,2025-07-06
99,4,160,2025-07-06
111,4,105,2025-07-06
310,4,10,2025-07-06
85,4,167,2025-07-06
306,4,146,2025-07-06
487,4,55,2025-07-06
303,4,168,2025-07-06
58,4,66,2025-07-06
467,4,66,2025-07-06
204,4,60,2025-07-06
433,4,12,2025-07-06
133,4,38,2025-07-06
81,4,92,2025-07-06
271,4,153,2025-07-06
39,4,162,2025-07-06
166,5,106,2025-07-06
348,5,52,2025-07-06
65,5,38,2025-07-06
124,5,164,2025-07-06
241,5,69,2025-07-06
488,5,157,2025-07-06
278,5,138,2025-07-06
500,5,148,2025-07-06
94,5,79,2025-07-06
15,5,75,2025-07-06
254,5,12,2025-07-06
379,5,177,2025-07-06
452,5,67,2025-07-06
430,5,103,2025-07-06
440,5,173,2025-07-06
235,5,55,2025-07-06
494,5,12,2025-07-06
451,5,179,2025-07-06
438,5,189,2025-07-06
475,5,102,2025-07-06
132,5,48,2025-07-06
72,5,125,2025-07-06
425,5,173,2025-07-06
202,5,57,2025-07-06
359,5,51,2025-07-06
3,5,144,2025-07-06
321,5,41,2025-07-06
427,5,167,2025-07-06
340,5,75,2025-07-06
77,5,19,2025-07-06
266,5,191,2025-07-06
67,5,81,2025-07-06
173,5,91,2025-07-06
27,5,89,2025-07-06
432,5,200,2025-07-06
81,5,153,2025-07-06
229,5,37,2025-07-06
211,5,158,2025-07-06
4,5,177,2025-07-06
431,5,9,2025-07-06
264,5,66,2025-07-06
400,5,24,2025-07-06
270,5,22,2025-07-06
493,5,199,2025-07-06
353,5,68,2025-07-06
470,5,48,2025-07-06
342,5,116,2025-07-06
90,5,24,2025-07-06
126,5,176,2025-07-06
131,5,14,2025-07-06
37,6,199,2025-07-06
384,6,116,2025-07-06
315,6,73,2025-07-06
34,6,198,2025-07-06
472,6,39,2025-07-06
233,6,88,2025-07-06
473,6,183,2025-07-06
227,6,194,2025-07-06
396,6,180,2025-07-06
140,6,101,2025-07-06
258,6,84,2025-07-06
11,6,90,2025-07-06
337,6,31,2025-07-06
58,6,81,2025-07-06
435,6,114,2025-07-06
441,6,40,2025-07-06
284,6,105,2025-07-06
487,6,78,2025-07-06
178,6,67,2025-07-06
153,6,126,2025-07-06
481,6,31,2025-07-06
259,6,151,2025-07-06
97,6,70,2025-07-06
80,6,151,2025-07-06
251,6,191,2025-07-06
63,6,149,2025-07-06
496,6,66,2025-07-06
194,6,103,2025-07-06
65,6,186,2025-07-06
130,6,105,2025-07-06
190,6,67,2025-07-06
267,6,198,2025-07-06
156,6,145,2025-07-06
180,6,99,2025-07-06
77,6,193,2025-07-06
286,6,73,2025-07-06
94,6,124,2025-07-06
240,6,135,2025-07-06
336,6,185,2025-07-06
477,6,30,2025-07-06
51,6,171,2025-07-06
33,6,150,2025-07-06
400,6,177,2025-07-06
108,6,197,2025-07-06
465,6,66,2025-07-06
351,6,191,2025-07-06
177,6,71,2025-07-06
367,6,132,2025-07-06
390,6,132,2025-07-06
90,6,94,2025-07-06
171,7,189,2025-07-06
143,7,131,2025-07-06
427,7,19,2025-07-06
498,7,22,2025-07-06
381,7,146,2025-07-06
64,7,134,2025-07-06
100,7,56,2025-07-06
114,7,134,2025-07-06
483,7,111,2025-07-06
224,7,119,2025-07-06
464,7,0,2025-07-06
349,7,158,2025-07-06
3,7,176,2025-07-06
193,7,22,2025-07-06
87,7,71,2025-07-06
394,7,184,2025-07-06
396,7,141,2025-07-06
319,7,49,2025-07-06
470,7,117,2025-07-06
17,7,5,2025-07-06
2,7,168,2025-07-06
176,7,58,2025-07-06
299,7,58,2025-07-06
345,7,113,2025-07-06
293,7,153,2025-07-06
384,7,67,2025-07-06
364,7,5,2025-07-06
247,7,179,2025-07-06
203,7,127,2025-07-06
406,7,113,2025-07-06
234,7,117,2025-07-06
451,7,176,2025-07-06
278,7,165,2025-07-06
61,7,196,2025-07-06
465,7,191,2025-07-06
148,7,24,2025-07-06
331,7,189,2025-07-06
275,7,172,2025-07-06
161,7,64,2025-07-06
475,7,151,2025-07-06
255,7,128,2025-07-06
201,7,88,2025-07-06
92,7,0,2025-07-06
358,7,8,2025-07-06
16,7,165,2025-07-06
310,7,126,2025-07-06
119,7,169,2025-07-06
225,7,68,2025-07-06
20,7,168,2025-07-06
212,7,4,2025-07-06
150,8,9,2025-07-06
343,8,126,2025-07-06
56,8,132,2025-07-06
94,8,64,2025-07-06
350,8,200,2025-07-06
63,8,64,2025-07-06
126,8,72,2025-07-06
444,8,156,2025-07-06
196,8,115,2025-07-06
263,8,25,2025-07-06
408,8,116,2025-07-06
426,8,94,2025-07-06
332,8,10,2025-07-06
86,8,91,2025-07-06
54,8,48,2025-07-06
360,8,147,2025-07-06
492,8,118,2025-07-06
2,8,27,2025-07-06
307,8,99,2025-07-06
465,8,146,2025-07-06
23,8,132,2025-07-06
478,8,163,2025-07-06
131,8,18,2025-07-06
322,8,127,2025-07-06
438,8,135,2025-07-06
369,8,43,2025-07-06
354,8,188,2025-07-06
396,8,101,2025-07-06
41,8,137,2025-07-06
47,8,104,2025-07-06
9,8,46,2025-07-06
50,8,63,2025-07-06
459,8,93,2025-07-06
399,8,3,2025-07-06
209,8,107,2025-07-06
404,8,89,2025-07-06
241,8,18,2025-07-06
228,8,54,2025-07-06
325,8,105,2025-07-06
460,8,99,2025-07-06
1,8,109,2025-07-06
61,8,95,2025-07-06
499,8,1,2025-07-06
186,8,35,2025-07-06
88,8,85,2025-07-06
481,8,16,2025-07-06
294,8,120,2025-07-06
45,8,159,2025-07-06
366,8,100,2025-07-06
386,8,119,2025-07-06
344,9,167,2025-07-06
464,9,29,2025-07-06
397,9,145,2025-07-06
295,9,86,2025-07-06
168,9,96,2025-07-06
491,9,80,2025-07-06
411,9,36,2025-07-06
360,9,43,2025-07-06
231,9,195,2025-07-06
201,9,187,2025-07-06
346,9,157,2025-07-06
319,9,35,2025-07-06
388,9,200,2025-07-06
179,9,127,2025-07-06
219,9,120,2025-07-06
162,9,199,2025-07-06
430,9,42,2025-07-06
369,9,195,2025-07-06
22,9,71,2025-07-06
7,9,104,2025-07-06
421,9,195,2025-07-06
490,9,148,2025-07-06
412,9,6,2025-07-06
20,9,107,2025-07-06
95,9,115,2025-07-06
235,9,117,2025-07-06
79,9,119,2025-07-06
85,9,168,2025-07-06
468,9,48,2025-07-06
306,9,179,2025-07-06
286,9,196,2025-07-06
377,9,42,2025-07-06
32,9,36,2025-07-06
452,9,71,2025-07-06
100,9,83,2025-07-06
420,9,108,2025-07-06
373,9,43,2025-07-06
211,9,108,2025-07-06
339,9,112,2025-07-06
194,9,108,2025-07-06
418,9,171,2025-07-06
42,9,33,2025-07-06
207,9,25,2025-07-06
461,9,167,2025-07-06
236,9,126,2025-07-06
428,9,78,2025-07-06
499,9,92,2025-07-06
316,9,13,2025-07-06
118,9,63,2025-07-06
60,9,107,2025-07-06
198,10,165,2025-07-06
239,10,34,2025-07-06
436,10,116,2025-07-06
473,10,41,2025-07-06
172,10,105,2025-07-06
113,10,30,2025-07-06
91,10,163,2025-07-06
119,10,185,2025-07-06
494,10,64,2025-07-06
67,10,67,2025-07-06
354,10,40,2025-07-06
496,10,187,2025-07-06
357,10,61,2025-07-06
165,10,185,2025-07-06
143,10,25,2025-07-06
375,10,185,2025-07-06
418,10,100,2025-07-06
199,10,4,2025-07-06
186,10,107,2025-07-06
493,10,108,2025-07-06
326,10,84,2025-07-06
406,10,122,2025-07-06
150,10,63,2025-07-06
404,10,197,2025-07-06
173,10,54,2025-07-06
197,10,37,2025-07-06
185,10,79,2025-07-06
276,10,9,2025-07-06
265,10,129,2025-07-06
435,10,70,2025-07-06
254,10,43,2025-07-06
121,10,194,2025-07-06
437,10,67,2025-07-06
49,10,52,2025-07-06
442,10,112,2025-07-06
128,10,101,2025-07-06
301,10,62,2025-07-06
59,10,176,2025-07-06
88,10,172,2025-07-06
489,10,86,2025-07-06
178,10,14,2025-07-06
302,10,33,2025-07-06
490,10,85,2025-07-06
65,10,191,2025-07-06
187,10,167,2025-07-06
24,10,105,2025-07-06
387,10,141,2025-07-06
383,10,128,2025-07-06
183,10,110,2025-07-06
205,10,67,2025-07-06
4,11,120,2025-07-06
320,11,145,2025-07-06
368,11,122,2025-07-06
105,11,53,2025-07-06
86,11,86,2025-07-06
301,11,112,2025-07-06
46,11,176,2025-07-06
173,11,146,2025-07-06
421,11,114,2025-07-06
148,11,107,2025-07-06
185,11,85,2025-07-06
232,11,102,2025-07-06
254,11,37,2025-07-06
103,11,79,2025-07-06
470,11,162,2025-07-06
355,11,95,2025-07-06
45,11,15,2025-07-06
500,11,52,2025-07-06
386,11,141,2025-07-06
325,11,186,2025-07-06
39,11,56,2025-07-06
384,11,61,2025-07-06
420,11,31,2025-07-06
454,11,31,2025-07-06
395,11,200,2025-07-06
26,11,21,2025-07-06
250,11,23,2025-07-06
200,11,4,2025-07-06
383,11,183,2025-07-06
61,11,64,2025-07-06
210,11,60,2025-07-06
65,11,93,2025-07-06
60,11,75,2025-07-06
295,11,92,2025-07-06
453,11,57,2025-07-06
456,11,71,2025-07-06
38,11,50,2025-07-06
390,11,197,2025-07-06
76,11,15,2025-07-06
56,11,48,2025-07-06
445,11,95,2025-07-06
300,11,121,2025-07-06
275,11,112,2025-07-06
479,11,1,2025-07-06
264,11,166,2025-07-06
177,11,35,2025-07-06
292,11,105,2025-07-06
298,11,150,2025-07-06
241,11,109,2025-07-06
496,11,150,2025-07-06
372,12,102,2025-07-06
236,12,157,2025-07-06
214,12,197,2025-07-06
231,12,140,2025-07-06
257,12,159,2025-07-06
30,12,110,2025-07-06
323,12,41,2025-07-06
55,12,152,2025-07-06
24,12,198,2025-07-06
275,12,188,2025-07-06
280,12,49,2025-07-06
94,12,53,2025-07-06
393,12,36,2025-07-06
226,12,32,2025-07-06
158,12,7,2025-07-06
2,12,5,2025-07-06
191,12,44,2025-07-06
407,12,156,2025-07-06
174,12,171,2025-07-06
402,12,98,2025-07-06
59,12,151,2025-07-06
28,12,126,2025-07-06
454,12,58,2025-07-06
62,12,48,2025-07-06
403,12,189,2025-07-06
473,12,10,2025-07-06
134,12,77,2025-07-06
291,12,200,2025-07-06
176,12,10,2025-07-06
27,12,2,2025-07-06
423,12,136,2025-07-06
201,12,121,2025-07-06
435,12,164,2025-07-06
271,12,11,2025-07-06
133,12,170,2025-07-06
230,12,122,2025-07-06
438,12,167,2025-07-06
5,12,115,2025-07-06
443,12,134,2025-07-06
365,12,114,2025-07-06
256,12,144,2025-07-06
148,12,149,2025-07-06
325,12,165,2025-07-06
193,12,129,2025-07-06
115,12,84,2025-07-06
104,12,145,2025-07-06
398,12,199,2025-07-06
376,12,105,2025-07-06
258,12,132,2025-07-06
182,12,152,2025-07-06
331,13,195,2025-07-06
108,13,100,2025-07-06
279,13,89,2025-07-06
419,13,93,2025-07-06
118,13,185,2025-07-06
425,13,188,2025-07-06
121,13,115,2025-07-06
46,13,110,2025-07-06
61,13,130,2025-07-06
329,13,40,2025-07-06
49,13,182,2025-07-06
461,13,83,2025-07-06
433,13,158,2025-07-06
191,13,25,2025-07-06
228,13,197,2025-07-06
299,13,194,2025-07-06
456,13,188,2025-07-06
5,13,13,2025-07-06
180,13,34,2025-07-06
50,13,126,2025-07-06
51,13,34,2025-07-06
323,13,14,2025-07-06
469,13,93,2025-07-06
64,13,122,2025-07-06
252,13,141,2025-07-06
95,13,106,2025-07-06
183,13,69,2025-07-06
497,13,180,2025-07-06
18,13,178,2025-07-06
174,13,169,2025-07-06
350,13,102,2025-07-06
349,13,189,2025-07-06
66,13,100,2025-07-06
123,13,163,2025-07-06
79,13,113,2025-07-06
484,13,136,2025-07-06
242,13,74,2025-07-06
167,13,146,2025-07-06
217,13,75,2025-07-06
133,13,152,2025-07-06
345,13,152,2025-07-06
426,13,59,2025-07-06
489,13,65,2025-07-06
272,13,192,2025-07-06
353,13,13,2025-07-06
342,13,198,2025-07-06
288,13,143,2025-07-06
147,13,187,2025-07-06
208,13,26,2025-07-06
439,13,37,2025-07-06
455,14,126,2025-07-06
264,14,11,2025-07-06
297,14,123,2025-07-06
349,14,123,2025-07-06
263,14,4,2025-07-06
81,14,18,2025-07-06
373,14,12,2025-07-06
59,14,197,2025-07-06
103,14,90,2025-07-06
274,14,81,2025-07-06
490,14,8,2025-07-06
94,14,184,2025-07-06
408,14,150,2025-07-06
220,14,40,2025-07-06
211,14,175,2025-07-06
341,14,43,2025-07-06
386,14,182,2025-07-06
369,14,199,2025-07-06
446,14,122,2025-07-06
60,14,180,2025-07-06
273,14,97,2025-07-06
202,14,72,2025-07-06
148,14,126,2025-07-06
206,14,200,2025-07-06
255,14,134,2025-07-06
468,14,102,2025-07-06
466,14,46,2025-07-06
58,14,25,2025-07-06
246,14,200,2025-07-06
275,14,11,2025-07-06
347,14,64,2025-07-06
21,14,65,2025-07-06
97,14,34,2025-07-06
80,14,84,2025-07-06
399,14,154,2025-07-06
313,14,106,2025-07-06
492,14,112,2025-07-06
194,14,92,2025-07-06
35,14,190,2025-07-06
159,14,178,2025-07-06
53,14,53,2025-07-06
126,14,49,2025-07-06
484,14,56,2025-07-06
376,14,10,2025-07-06
138,14,33,2025-07-06
429,14,149,2025-07-06
404,14,74,2025-07-06
113,14,44,2025-07-06
68,14,67,2025-07-06
443,14,2,2025-07-06
445,15,34,2025-07-06
468,15,39,2025-07-06
429,15,4,2025-07-06
233,15,13,2025-07-06
265,15,52,2025-07-06
470,15,175,2025-07-06
413,15,191,2025-07-06
446,15,197,2025-07-06
4,15,189,2025-07-06
152,15,19,2025-07-06
52,15,23,2025-07-06
277,15,87,2025-07-06
407,15,86,2025-07-06
93,15,84,2025-07-06
113,15,86,2025-07-06
417,15,188,2025-07-06
305,15,52,2025-07-06
101,15,30,2025-07-06
438,15,85,2025-07-06
160,15,164,2025-07-06
472,15,62,2025-07-06
98,15,0,2025-07-06
58,15,160,2025-07-06
396,15,148,2025-07-06
443,15,145,2025-07-06
13,15,107,2025-07-06
458,15,61,2025-07-06
96,15,39,2025-07-06
449,15,8,2025-07-06
209,15,120,2025-07-06
386,15,106,2025-07-06
73,15,88,2025-07-06
290,15,101,2025-07-06
45,15,180,2025-07-06
67,15,189,2025-07-06
207,15,74,2025-07-06
312,15,42,2025-07-06
423,15,152,2025-07-06
55,15,191,2025-07-06
178,15,105,2025-07-06
15,15,166,2025-07-06
50,15,124,2025-07-06
145,15,118,2025-07-06
363,15,2,2025-07-06
213,15,115,2025-07-06
92,15,57,2025-07-06
153,15,57,2025-07-06
383,15,86,2025-07-06
62,15,67,2025-07-06
134,15,51,2025-07-06
64,16,174,2025-07-06
351,16,23,2025-07-06
131,16,3,2025-07-06
259,16,18,2025-07-06
181,16,35,2025-07-06
329,16,46,2025-07-06
40,16,73,2025-07-06
92,16,107,2025-07-06
412,16,154,2025-07-06
365,16,42,2025-07-06
399,16,114,2025-07-06
434,16,173,2025-07-06
338,16,129,2025-07-06
474,16,142,2025-07-06
10,16,129,2025-07-06
244,16,24,2025-07-06
309,16,97,2025-07-06
195,16,82,2025-07-06
406,16,111,2025-07-06
381,16,102,2025-07-06
119,16,165,2025-07-06
143,16,97,2025-07-06
379,16,154,2025-07-06
215,16,64,2025-07-06
284,16,102,2025-07-06
55,16,13,2025-07-06
223,16,25,2025-07-06
395,16,117,2025-07-06
141,16,124,2025-07-06
1,16,150,2025-07-06
137,16,179,2025-07-06
293,16,48,2025-07-06
483,16,76,2025-07-06
477,16,1,2025-07-06
76,16,35,2025-07-06
145,16,186,2025-07-06
170,16,135,2025-07-06
317,16,24,2025-07-06
189,16,133,2025-07-06
80,16,176,2025-07-06
103,16,79,2025-07-06
16,16,129,2025-07-06
462,16,86,2025-07-06
214,16,30,2025-07-06
134,16,14,2025-07-06
444,16,122,2025-07-06
499,16,89,2025-07-06
219,16,3,2025-07-06
26,16,15,2025-07-06
139,16,161,2025-07-06
350,17,55,2025-07-06
398,17,161,2025-07-06
140,17,176,2025-07-06
339,17,100,2025-07-06
125,17,177,2025-07-06
245,17,80,2025-07-06
172,17,187,2025-07-06
117,17,141,2025-07-06
329,17,8,2025-07-06
250,17,170,2025-07-06
461,17,71,2025-07-06
270,17,146,2025-07-06
68,17,159,2025-07-06
123,17,18,2025-07-06
192,17,153,2025-07-06
287,17,137,2025-07-06
419,17,167,2025-07-06
308,17,54,2025-07-06
369,17,183,2025-07-06
53,17,167,2025-07-06
120,17,151,2025-07-06
169,17,77,2025-07-06
368,17,110,2025-07-06
351,17,83,2025-07-06
230,17,144,2025-07-06
325,17,30,2025-07-06
352,17,113,2025-07-06
80,17,182,2025-07-06
331,17,171,2025-07-06
150,17,85,2025-07-06
164,17,200,2025-07-06
94,17,78,2025-07-06
303,17,134,2025-07-06
496,17,68,2025-07-06
274,17,135,2025-07-06
74,17,85,2025-07-06
482,17,58,2025-07-06
389,17,15,2025-07-06
279,17,33,2025-07-06
152,17,167,2025-07-06
439,17,191,2025-07-06
286,17,141,2025-07-06
364,17,132,2025-07-06
32,17,36,2025-07-06
454,17,153,2025-07-06
187,17,36,2025-07-06
434,17,66,2025-07-06
404,17,59,2025-07-06
113,17,54,2025-07-06
408,17,173,2025-07-06
299,18,134,2025-07-06
152,18,20,2025-07-06
443,18,9,2025-07-06
58,18,10,2025-07-06
212,18,199,2025-07-06
297,18,79,2025-07-06
177,18,37,2025-07-06
409,18,10,2025-07-06
273,18,54,2025-07-06
470,18,172,2025-07-06
219,18,185,2025-07-06
430,18,151,2025-07-06
233,18,76,2025-07-06
358,18,111,2025-07-06
95,18,68,2025-07-06
287,18,46,2025-07-06
373,18,103,2025-07-06
428,18,139,2025-07-06
131,18,127,2025-07-06
40,18,137,2025-07-06
151,18,93,2025-07-06
431,18,142,2025-07-06
351,18,166,2025-07-06
199,18,179,2025-07-06
421,18,21,2025-07-06
203,18,92,2025-07-06
275,18,172,2025-07-06
426,18,77,2025-07-06
72,18,165,2025-07-06
422,18,36,2025-07-06
214,18,169,2025-07-06
232,18,130,2025-07-06
50,18,135,2025-07-06
178,18,68,2025-07-06
63,18,127,2025-07-06
66,18,54,2025-07-06
170,18,174,2025-07-06
91,18,155,2025-07-06
415,18,162,2025-07-06
122,18,162,2025-07-06
350,18,189,2025-07-06
206,18,185,2025-07-06
115,18,173,2025-07-06
250,18,162,2025-07-06
385,18,42,2025-07-06
440,18,102,2025-07-06
368,18,169,2025-07-06
244,18,172,2025-07-06
141,18,162,2025-07-06
380,18,177,2025-07-06
362,19,83,2025-07-06
324,19,56,2025-07-06
386,19,41,2025-07-06
403,19,81,2025-07-06
184,19,126,2025-07-06
435,19,168,2025-07-06
302,19,65,2025-07-06
80,19,127,2025-07-06
72,19,29,2025-07-06
331,19,90,2025-07-06
51,19,94,2025-07-06
345,19,49,2025-07-06
392,19,58,2025-07-06
119,19,98,2025-07-06
169,19,182,2025-07-06
263,19,105,2025-07-06
143,19,21,2025-07-06
275,19,177,2025-07-06
280,19,33,2025-07-06
246,19,135,2025-07-06
494,19,5,2025-07-06
90,19,44,2025-07-06
387,19,183,2025-07-06
391,19,86,2025-07-06
408,19,183,2025-07-06
171,19,162,2025-07-06
244,19,166,2025-07-06
400,19,150,2025-07-06
276,19,100,2025-07-06
14,19,18,2025-07-06
317,19,166,2025-07-06
81,19,187,2025-07-06
40,19,153,2025-07-06
468,19,152,2025-07-06
431,19,193,2025-07-06
500,19,85,2025-07-06
187,19,8,2025-07-06
441,19,168,2025-07-06
299,19,0,2025-07-06
446,19,88,2025-07-06
482,19,190,2025-07-06
270,19,79,2025-07-06
47,19,61,2025-07-06
128,19,196,2025-07-06
339,19,31,2025-07-06
455,19,68,2025-07-06
174,19,137,2025-07-06
314,19,86,2025-07-06
149,19,61,2025-07-06
183,19,79,2025-07-06
147,20,167,2025-07-06
104,20,28,2025-07-06
399,20,14,2025-07-06
53,20,20,2025-07-06
306,20,199,2025-07-06
159,20,174,2025-07-06
332,20,79,2025-07-06
79,20,191,2025-07-06
138,20,145,2025-07-06
329,20,43,2025-07-06
492,20,100,2025-07-06
248,20,162,2025-07-06
199,20,79,2025-07-06
490,20,50,2025-07-06
44,20,16,2025-07-06
413,20,168,2025-07-06
177,20,196,2025-07-06
375,20,118,2025-07-06
360,20,97,2025-07-06
319,20,155,2025-07-06
210,20,98,2025-07-06
35,20,179,2025-07-06
216,20,127,2025-07-06
217,20,172,2025-07-06
434,20,94,2025-07-06
252,20,160,2025-07-06
27,20,168,2025-07-06
72,20,129,2025-07-06
105,20,52,2025-07-06
409,20,157,2025-07-06
437,20,59,2025-07-06
12,20,186,2025-07-06
386,20,65,2025-07-06
448,20,26,2025-07-06
40,20,83,2025-07-06
372,20,63,2025-07-06
167,20,132,2025-07-06
353,20,49,2025-07-06
496,20,117,2025-07-06
453,20,60,2025-07-06
388,20,26,2025-07-06
241,20,32,2025-07-06
196,20,3,2025-07-06
379,20,153,2025-07-06
187,20,153,2025-07-06
19,20,46,2025-07-06
204,20,148,2025-07-06
494,20,28,2025-07-06
500,20,178,2025-07-06
94,20,42,2025-07-06
98,21,88,2025-07-06
364,21,120,2025-07-06
428,21,16,2025-07-06
226,21,166,2025-07-06
459,21,71,2025-07-06
191,21,104,2025-07-06
83,21,34,2025-07-06
88,21,192,2025-07-06
363,21,185,2025-07-06
391,21,141,2025-07-06
443,21,12,2025-07-06
32,21,112,2025-07-06
69,21,124,2025-07-06
81,21,37,2025-07-06
116,21,136,2025-07-06
15,21,175,2025-07-06
28,21,11,2025-07-06
51,21,50,2025-07-06
204,21,36,2025-07-06
96,21,173,2025-07-06
392,21,17,2025-07-06
411,21,130,2025-07-06
344,21,10,2025-07-06
401,21,197,2025-07-06
444,21,137,2025-07-06
259,21,121,2025-07-06
471,21,91,2025-07-06
455,21,175,2025-07-06
44,21,58,2025-07-06
287,21,176,2025-07-06
482,21,18,2025-07-06
63,21,66,2025-07-06
147,21,127,2025-07-06
263,21,71,2025-07-06
318,21,77,2025-07-06
394,21,98,2025-07-06
242,21,164,2025-07-06
82,21,12,2025-07-06
33,21,26,2025-07-06
181,21,47,2025-07-06
135,21,129,2025-07-06
373,21,149,2025-07-06
370,21,51,2025-07-06
329,21,145,2025-07-06
331,21,37,2025-07-06
430,21,12,2025-07-06
113,21,86,2025-07-06
280,21,181,2025-07-06
40,21,186,2025-07-06
312,21,98,2025-07-06
200,22,69,2025-07-06
128,22,184,2025-07-06
447,22,155,2025-07-06
183,22,22,2025-07-06
265,22,17,2025-07-06
304,22,19,2025-07-06
454,22,82,2025-07-06
424,22,58,2025-07-06
245,22,6,2025-07-06
273,22,56,2025-07-06
120,22,114,2025-07-06
234,22,182,2025-07-06
486,22,168,2025-07-06
143,22,70,2025-07-06
102,22,3,2025-07-06
163,22,32,2025-07-06
118,22,67,2025-07-06
34,22,37,2025-07-06
114,22,71,2025-07-06
291,22,88,2025-07-06
184,22,109,2025-07-06
218,22,154,2025-07-06
298,22,116,2025-07-06
211,22,80,2025-07-06
423,22,162,2025-07-06
493,22,135,2025-07-06
123,22,149,2025-07-06
285,22,128,2025-07-06
483,22,175,2025-07-06
481,22,195,2025-07-06
263,22,4,2025-07-06
92,22,62,2025-07-06
377,22,18,2025-07-06
195,22,27,2025-07-06
415,22,121,2025-07-06
220,22,175,2025-07-06
309,22,97,2025-07-06
79,22,132,2025-07-06
367,22,55,2025-07-06
372,22,47,2025-07-06
348,22,8,2025-07-06
134,22,171,2025-07-06
112,22,6,2025-07-06
499,22,58,2025-07-06
196,22,58,2025-07-06
335,22,99,2025-07-06
12,22,158,2025-07-06
451,22,145,2025-07-06
191,22,72,2025-07-06
416,22,53,2025-07-06
63,23,53,2025-07-06
157,23,161,2025-07-06
225,23,175,2025-07-06
239,23,136,2025-07-06
86,23,91,2025-07-06
500,23,116,2025-07-06
468,23,163,2025-07-06
200,23,199,2025-07-06
394,23,184,2025-07-06
470,23,179,2025-07-06
233,23,177,2025-07-06
329,23,65,2025-07-06
304,23,186,2025-07-06
236,23,179,2025-07-06
496,23,72,2025-07-06
493,23,135,2025-07-06
447,23,194,2025-07-06
65,23,1,2025-07-06
125,23,99,2025-07-06
384,23,87,2025-07-06
127,23,140,2025-07-06
482,23,7,2025-07-06
295,23,65,2025-07-06
162,23,77,2025-07-06
412,23,169,2025-07-06
442,23,156,2025-07-06
475,23,181,2025-07-06
163,23,145,2025-07-06
119,23,186,2025-07-06
420,23,152,2025-07-06
10,23,85,2025-07-06
351,23,20,2025-07-06
81,23,106,2025-07-06
136,23,20,2025-07-06
131,23,146,2025-07-06
462,23,119,2025-07-06
392,23,151,2025-07-06
116,23,147,2025-07-06
155,23,77,2025-07-06
282,23,58,2025-07-06
104,23,36,2025-07-06
9,23,0,2025-07-06
352,23,15,2025-07-06
160,23,104,2025-07-06
454,23,172,2025-07-06
290,23,48,2025-07-06
209,23,46,2025-07-06
210,23,118,2025-07-06
43,23,88,2025-07-06
187,23,47,2025-07-06
412,24,124,2025-07-06
177,24,170,2025-07-06
200,24,6,2025-07-06
56,24,94,2025-07-06
148,24,89,2025-07-06
479,24,42,2025-07-06
218,24,9,2025-07-06
83,24,195,2025-07-06
370,24,127,2025-07-06
453,24,161,2025-07-06
455,24,100,2025-07-06
10,24,151,2025-07-06
279,24,137,2025-07-06
406,24,67,2025-07-06
76,24,85,2025-07-06
333,24,61,2025-07-06
494,24,68,2025-07-06
132,24,135,2025-07-06
395,24,193,2025-07-06
104,24,175,2025-07-06
292,24,51,2025-07-06
159,24,161,2025-07-06
291,24,142,2025-07-06
356,24,167,2025-07-06
191,24,14,2025-07-06
198,24,107,2025-07-06
268,24,27,2025-07-06
469,24,2,2025-07-06
234,24,33,2025-07-06
197,24,89,2025-07-06
258,24,71,2025-07-06
396,24,76,2025-07-06
161,24,116,2025-07-06
137,24,165,2025-07-06
208,24,34,2025-07-06
261,24,47,2025-07-06
392,24,89,2025-07-06
499,24,134,2025-07-06
156,24,141,2025-07-06
478,24,136,2025-07-06
34,24,113,2025-07-06
89,24,92,2025-07-06
51,24,69,2025-07-06
103,24,96,2025-07-06
405,24,146,2025-07-06
359,24,92,2025-07-06
138,24,117,2025-07-06
249,24,174,2025-07-06
422,24,45,2025-07-06
383,24,120,2025-07-06
224,25,116,2025-07-06
350,25,177,2025-07-06
34,25,77,2025-07-06
465,25,146,2025-07-06
304,25,9,2025-07-06
97,25,64,2025-07-06
90,25,60,2025-07-06
153,25,163,2025-07-06
389,25,160,2025-07-06
222,25,29,2025-07-06
426,25,7,2025-07-06
17,25,30,2025-07-06
4,25,131,2025-07-06
467,25,167,2025-07-06
461,25,164,2025-07-06
162,25,181,2025-07-06
215,25,39,2025-07-06
69,25,109,2025-07-06
291,25,52,2025-07-06
21,25,166,2025-07-06
409,25,103,2025-07-06
318,25,43,2025-07-06
481,25,21,2025-07-06
447,25,184,2025-07-06
281,25,160,2025-07-06
352,25,153,2025-07-06
474,25,123,2025-07-06
348,25,157,2025-07-06
239,25,87,2025-07-06
448,25,74,2025-07-06
347,25,184,2025-07-06
382,25,148,2025-07-06
433,25,40,2025-07-06
179,25,139,2025-07-06
367,25,53,2025-07-06
99,25,33,2025-07-06
296,25,14,2025-07-06
457,25,166,2025-07-06
187,25,95,2025-07-06
408,25,185,2025-07-06
305,25,15,2025-07-06
271,25,158,2025-07-06
421,25,156,2025-07-06
70,25,10,2025-07-06
395,25,85,2025-07-06
158,25,21,2025-07-06
228,25,91,2025-07-06
232,25,5,2025-07-06
40,25,80,2025-07-06
247,25,90,2025-07-06
478,26,24,2025-07-06
475,26,50,2025-07-06
172,26,114,2025-07-06
213,26,37,2025-07-06
426,26,106,2025-07-06
355,26,158,2025-07-06
483,26,36,2025-07-06
359,26,16,2025-07-06
27,26,88,2025-07-06
144,26,135,2025-07-06
88,26,159,2025-07-06
268,26,96,2025-07-06
288,26,130,2025-07-06
497,26,58,2025-07-06
76,26,143,2025-07-06
382,26,136,2025-07-06
495,26,38,2025-07-06
179,26,57,2025-07-06
96,26,188,2025-07-06
447,26,59,2025-07-06
302,26,151,2025-07-06
12,26,22,2025-07-06
428,26,171,2025-07-06
60,26,37,2025-07-06
293,26,17,2025-07-06
430,26,12,2025-07-06
33,26,70,2025-07-06
304,26,89,2025-07-06
160,26,113,2025-07-06
373,26,182,2025-07-06
416,26,53,2025-07-06
225,26,7,2025-07-06
77,26,162,2025-07-06
35,26,72,2025-07-06
148,26,127,2025-07-06
389,26,137,2025-07-06
9,26,96,2025-07-06
126,26,117,2025-07-06
358,26,97,2025-07-06
296,26,123,2025-07-06
348,26,53,2025-07-06
286,26,186,2025-07-06
83,26,119,2025-07-06
498,26,101,2025-07-06
164,26,95,2025-07-06
281,26,71,2025-07-06
332,26,76,2025-07-06
198,26,81,2025-07-06
421,26,69,2025-07-06
500,26,113,2025-07-06
455,27,46,2025-07-06
140,27,196,2025-07-06
238,27,85,2025-07-06
353,27,138,2025-07-06
463,27,170,2025-07-06
324,27,190,2025-07-06
267,27,35,2025-07-06
475,27,34,2025-07-06
351,27,191,2025-07-06
108,27,93,2025-07-06
49,27,180,2025-07-06
484,27,21,2025-07-06
291,27,45,2025-07-06
96,27,183,2025-07-06
218,27,91,2025-07-06
101,27,189,2025-07-06
383,27,188,2025-07-06
428,27,166,2025-07-06
453,27,133,2025-07-06
253,27,13,2025-07-06
492,27,65,2025-07-06
216,27,103,2025-07-06
294,27,160,2025-07-06
145,27,118,2025-07-06
5,27,80,2025-07-06
382,27,110,2025-07-06
28,27,78,2025-07-06
478,27,114,2025-07-06
208,27,165,2025-07-06
384,27,122,2025-07-06
132,27,55,2025-07-06
185,27,29,2025-07-06
2,27,113,2025-07-06
442,27,184,2025-07-06
246,27,137,2025-07-06
232,27,126,2025-07-06
500,27,125,2025-07-06
359,27,159,2025-07-06
403,27,151,2025-07-06
349,27,58,2025-07-06
325,27,140,2025-07-06
186,27,21,2025-07-06
200,27,101,2025-07-06
43,27,40,2025-07-06
98,27,135,2025-07-06
336,27,176,2025-07-06
493,27,17,2025-07-06
16,27,185,2025-07-06
314,27,182,2025-07-06
23,27,103,2025-07-06
419,28,171,2025-07-06
273,28,132,2025-07-06
230,28,90,2025-07-06
470,28,161,2025-07-06
414,28,175,2025-07-06
83,28,166,2025-07-06
357,28,74,2025-07-06
27,28,28,2025-07-06
61,28,133,2025-07-06
252,28,69,2025-07-06
209,28,16,2025-07-06
224,28,66,2025-07-06
253,28,44,2025-07-06
448,28,123,2025-07-06
36,28,173,2025-07-06
81,28,94,2025-07-06
464,28,149,2025-07-06
193,28,2,2025-07-06
121,28,30,2025-07-06
433,28,97,2025-07-06
411,28,15,2025-07-06
108,28,129,2025-07-06
499,28,87,2025-07-06
322,28,63,2025-07-06
214,28,124,2025-07-06
472,28,59,2025-07-06
16,28,161,2025-07-06
175,28,82,2025-07-06
229,28,16,2025-07-06
355,28,158,2025-07-06
239,28,79,2025-07-06
303,28,7,2025-07-06
165,28,184,2025-07-06
481,28,77,2025-07-06
325,28,169,2025-07-06
66,28,79,2025-07-06
400,28,181,2025-07-06
133,28,188,2025-07-06
272,28,110,2025-07-06
439,28,142,2025-07-06
86,28,157,2025-07-06
500,28,130,2025-07-06
144,28,43,2025-07-06
1,28,50,2025-07-06
298,28,19,2025-07-06
477,28,89,2025-07-06
468,28,109,2025-07-06
242,28,136,2025-07-06
497,28,142,2025-07-06
115,28,155,2025-07-06
29,29,114,2025-07-06
87,29,64,2025-07-06
213,29,141,2025-07-06
377,29,142,2025-07-06
173,29,12,2025-07-06
416,29,161,2025-07-06
20,29,193,2025-07-06
226,29,72,2025-07-06
398,29,120,2025-07-06
372,29,138,2025-07-06
353,29,169,2025-07-06
60,29,45,2025-07-06
493,29,168,2025-07-06
387,29,42,2025-07-06
250,29,133,2025-07-06
126,29,186,2025-07-06
403,29,186,2025-07-06
92,29,187,2025-07-06
473,29,143,2025-07-06
256,29,104,2025-07-06
370,29,105,2025-07-06
453,29,44,2025-07-06
195,29,60,2025-07-06
207,29,42,2025-07-06
116,29,130,2025-07-06
208,29,154,2025-07-06
330,29,103,2025-07-06
6,29,58,2025-07-06
227,29,158,2025-07-06
365,29,13,2025-07-06
240,29,97,2025-07-06
373,29,65,2025-07-06
201,29,20,2025-07-06
284,29,50,2025-07-06
239,29,128,2025-07-06
350,29,73,2025-07-06
93,29,109,2025-07-06
225,29,112,2025-07-06
304,29,157,2025-07-06
343,29,145,2025-07-06
98,29,190,2025-07-06
177,29,120,2025-07-06
348,29,99,2025-07-06
99,29,127,2025-07-06
333,29,156,2025-07-06
277,29,74,2025-07-06
263,29,38,2025-07-06
23,29,32,2025-07-06
414,29,136,2025-07-06
58,29,49,2025-07-06
234,30,86,2025-07-06
374,30,24,2025-07-06
258,30,93,2025-07-06
372,30,129,2025-07-06
201,30,9,2025-07-06
457,30,21,2025-07-06
36,30,31,2025-07-06
430,30,126,2025-07-06
151,30,76,2025-07-06
123,30,166,2025-07-06
143,30,162,2025-07-06
291,30,130,2025-07-06
422,30,175,2025-07-06
497,30,182,2025-07-06
451,30,96,2025-07-06
207,30,1,2025-07-06
126,30,72,2025-07-06
452,30,145,2025-07-06
169,30,76,2025-07-06
273,30,58,2025-07-06
423,30,85,2025-07-06
256,30,184,2025-07-06
132,30,68,2025-07-06
43,30,114,2025-07-06
141,30,20,2025-07-06
212,30,167,2025-07-06
170,30,149,2025-07-06
16,30,161,2025-07-06
269,30,53,2025-07-06
237,30,33,2025-07-06
445,30,0,2025-07-06
65,30,79,2025-07-06
421,30,5,2025-07-06
331,30,66,2025-07-06
384,30,153,2025-07-06
135,30,69,2025-07-06
468,30,23,2025-07-06
385,30,184,2025-07-06
454,30,182,2025-07-06
495,30,118,2025-07-06
305,30,3,2025-07-06
371,30,23,2025-07-06
115,30,170,2025-07-06
247,30,160,2025-07-06
311,30,33,2025-07-06
83,30,13,2025-07-06
370,30,157,2025-07-06
8,30,48,2025-07-06
432,30,49,2025-07-06
200,30,88,2025-07-06
97,31,154,2025-07-06
147,31,140,2025-07-06
301,31,96,2025-07-06
116,31,138,2025-07-06
369,31,171,2025-07-06
159,31,100,2025-07-06
373,31,181,2025-07-06
20,31,171,2025-07-06
61,31,59,2025-07-06
432,31,140,2025-07-06
229,31,55,2025-07-06
304,31,177,2025-07-06
464,31,174,2025-07-06
291,31,111,2025-07-06
22,31,156,2025-07-06
391,31,110,2025-07-06
51,31,52,2025-07-06
100,31,155,2025-07-06
311,31,165,2025-07-06
400,31,103,2025-07-06
236,31,45,2025-07-06
9,31,43,2025-07-06
160,31,139,2025-07-06
92,31,71,2025-07-06
5,31,57,2025-07-06
361,31,51,2025-07-06
459,31,1,2025-07-06
78,31,151,2025-07-06
280,31,86,2025-07-06
4,31,125,2025-07-06
1,31,120,2025-07-06
343,31,33,2025-07-06
471,31,146,2025-07-06
274,31,100,2025-07-06
303,31,176,2025-07-06
360,31,33,2025-07-06
467,31,16,2025-07-06
382,31,100,2025-07-06
163,31,12,2025-07-06
7,31,86,2025-07-06
405,31,138,2025-07-06
389,31,66,2025-07-06
135,31,147,2025-07-06
96,31,154,2025-07-06
328,31,58,2025-07-06
314,31,80,2025-07-06
454,31,192,2025-07-06
137,31,95,2025-07-06
418,31,50,2025-07-06
94,31,111,2025-07-06
243,32,80,2025-07-06
479,32,199,2025-07-06
367,32,82,2025-07-06
86,32,89,2025-07-06
103,32,177,2025-07-06
399,32,109,2025-07-06
13,32,104,2025-07-06
234,32,47,2025-07-06
436,32,66,2025-07-06
176,32,65,2025-07-06
174,32,135,2025-07-06
395,32,195,2025-07-06
133,32,93,2025-07-06
447,32,48,2025-07-06
145,32,122,2025-07-06
51,32,60,2025-07-06
302,32,65,2025-07-06
110,32,196,2025-07-06
211,32,16,2025-07-06
433,32,53,2025-07-06
278,32,58,2025-07-06
429,32,72,2025-07-06
60,32,76,2025-07-06
263,32,127,2025-07-06
387,32,104,2025-07-06
105,32,75,2025-07-06
80,32,165,2025-07-06
351,32,135,2025-07-06
275,32,116,2025-07-06
336,32,31,2025-07-06
361,32,121,2025-07-06
268,32,17,2025-07-06
446,32,58,2025-07-06
481,32,99,2025-07-06
329,32,89,2025-07-06
397,32,152,2025-07-06
262,32,181,2025-07-06
471,32,92,2025-07-06
87,32,122,2025-07-06
47,32,101,2025-07-06
424,32,53,2025-07-06
305,32,15,2025-07-06
220,32,40,2025-07-06
401,32,61,2025-07-06
454,32,131,2025-07-06
316,32,90,2025-07-06
483,32,96,2025-07-06
449,32,1,2025-07-06
152,32,72,2025-07-06
79,32,168,2025-07-06
247,33,70,2025-07-06
336,33,117,2025-07-06
450,33,58,2025-07-06
417,33,78,2025-07-06
69,33,80,2025-07-06
16,33,80,2025-07-06
223,33,91,2025-07-06
71,33,119,2025-07-06
201,33,11,2025-07-06
478,33,173,2025-07-06
421,33,166,2025-07-06
424,33,144,2025-07-06
348,33,104,2025-07-06
322,33,168,2025-07-06
17,33,49,2025-07-06
104,33,125,2025-07-06
452,33,160,2025-07-06
355,33,9,2025-07-06
64,33,10,2025-07-06
140,33,40,2025-07-06
299,33,78,2025-07-06
177,33,60,2025-07-06
363,33,190,2025-07-06
220,33,58,2025-07-06
37,33,46,2025-07-06
339,33,44,2025-07-06
395,33,129,2025-07-06
25,33,18,2025-07-06
498,33,110,2025-07-06
403,33,48,2025-07-06
3,33,188,2025-07-06
78,33,111,2025-07-06
14,33,101,2025-07-06
260,33,61,2025-07-06
388,33,6,2025-07-06
240,33,19,2025-07-06
33,33,4,2025-07-06
202,33,198,2025-07-06
302,33,156,2025-07-06
156,33,196,2025-07-06
207,33,68,2025-07-06
245,33,75,2025-07-06
281,33,53,2025-07-06
66,33,184,2025-07-06
290,33,159,2025-07-06
469,33,23,2025-07-06
117,33,173,2025-07-06
107,33,165,2025-07-06
457,33,116,2025-07-06
148,33,138,2025-07-06
440,34,164,2025-07-06
186,34,137,2025-07-06
43,34,29,2025-07-06
62,34,21,2025-07-06
16,34,105,2025-07-06
325,34,181,2025-07-06
492,34,11,2025-07-06
423,34,65,2025-07-06
2,34,93,2025-07-06
339,34,155,2025-07-06
403,34,137,2025-07-06
284,34,124,2025-07-06
253,34,177,2025-07-06
391,34,1,2025-07-06
295,34,117,2025-07-06
369,34,45,2025-07-06
442,34,79,2025-07-06
372,34,148,2025-07-06
266,34,154,2025-07-06
344,34,18,2025-07-06
108,34,49,2025-07-06
409,34,119,2025-07-06
236,34,176,2025-07-06
241,34,177,2025-07-06
446,34,145,2025-07-06
374,34,129,2025-07-06
411,34,170,2025-07-06
404,34,67,2025-07-06
136,34,53,2025-07-06
38,34,70,2025-07-06
299,34,104,2025-07-06
84,34,141,2025-07-06
64,34,114,2025-07-06
46,34,155,2025-07-06
148,34,25,2025-07-06
302,34,10,2025-07-06
408,34,156,2025-07-06
116,34,151,2025-07-06
141,34,44,2025-07-06
54,34,8,2025-07-06
264,34,52,2025-07-06
456,34,200,2025-07-06
110,34,101,2025-07-06
40,34,101,2025-07-06
455,34,45,2025-07-06
58,34,47,2025-07-06
211,34,58,2025-07-06
326,34,61,2025-07-06
215,34,103,2025-07-06
76,34,71,2025-07-06
283,35,127,2025-07-06
134,35,125,2025-07-06
170,35,19,2025-07-06
26,35,197,2025-07-06
221,35,115,2025-07-06
209,35,72,2025-07-06
208,35,32,2025-07-06
18,35,60,2025-07-06
447,35,126,2025-07-06
389,35,50,2025-07-06
478,35,121,2025-07-06
297,35,121,2025-07-06
81,35,76,2025-07-06
445,35,59,2025-07-06
343,35,198,2025-07-06
163,35,55,2025-07-06
236,35,29,2025-07-06
90,35,44,2025-07-06
7,35,194,2025-07-06
112,35,167,2025-07-06
261,35,165,2025-07-06
334,35,14,2025-07-06
215,35,49,2025-07-06
263,35,109,2025-07-06
238,35,153,2025-07-06
139,35,157,2025-07-06
287,35,83,2025-07-06
249,35,164,2025-07-06
219,35,83,2025-07-06
243,35,144,2025-07-06
77,35,194,2025-07-06
118,35,150,2025-07-06
47,35,87,2025-07-06
379,35,84,2025-07-06
121,35,116,2025-07-06
404,35,23,2025-07-06
122,35,107,2025-07-06
299,35,181,2025-07-06
203,35,145,2025-07-06
298,35,142,2025-07-06
454,35,193,2025-07-06
17,35,194,2025-07-06
67,35,193,2025-07-06
451,35,42,2025-07-06
492,35,44,2025-07-06
291,35,175,2025-07-06
49,35,141,2025-07-06
138,35,59,2025-07-06
21,35,42,2025-07-06
289,35,77,2025-07-06
17,36,16,2025-07-06
444,36,118,2025-07-06
73,36,79,2025-07-06
457,36,74,2025-07-06
424,36,166,2025-07-06
461,36,113,2025-07-06
23,36,69,2025-07-06
289,36,172,2025-07-06
211,36,11,2025-07-06
84,36,66,2025-07-06
479,36,57,2025-07-06
192,36,96,2025-07-06
113,36,125,2025-07-06
388,36,146,2025-07-06
134,36,71,2025-07-06
106,36,186,2025-07-06
499,36,147,2025-07-06
266,36,3,2025-07-06
203,36,167,2025-07-06
449,36,36,2025-07-06
227,36,114,2025-07-06
490,36,44,2025-07-06
129,36,75,2025-07-06
201,36,73,2025-07-06
347,36,94,2025-07-06
111,36,150,2025-07-06
125,36,115,2025-07-06
415,36,31,2025-07-06
145,36,153,2025-07-06
243,36,101,2025-07-06
413,36,177,2025-07-06
405,36,174,2025-07-06
69,36,195,2025-07-06
165,36,31,2025-07-06
292,36,39,2025-07-06
458,36,121,2025-07-06
448,36,27,2025-07-06
61,36,183,2025-07-06
402,36,18,2025-07-06
354,36,17,2025-07-06
168,36,157,2025-07-06
117,36,135,2025-07-06
349,36,134,2025-07-06
242,36,48,2025-07-06
208,36,127,2025-07-06
207,36,161,2025-07-06
310,36,149,2025-07-06
31,36,117,2025-07-06
329,36,109,2025-07-06
175,36,200,2025-07-06
113,37,2,2025-07-06
14,37,76,2025-07-06
402,37,163,2025-07-06
191,37,173,2025-07-06
180,37,66,2025-07-06
213,37,160,2025-07-06
403,37,184,2025-07-06
18,37,60,2025-07-06
409,37,145,2025-07-06
33,37,37,2025-07-06
250,37,188,2025-07-06
181,37,136,2025-07-06
274,37,113,2025-07-06
172,37,93,2025-07-06
177,37,111,2025-07-06
182,37,137,2025-07-06
425,37,65,2025-07-06
116,37,9,2025-07-06
76,37,2,2025-07-06
484,37,127,2025-07-06
388,37,39,2025-07-06
57,37,8,2025-07-06
374,37,166,2025-07-06
479,37,156,2025-07-06
149,37,141,2025-07-06
232,37,187,2025-07-06
142,37,76,2025-07-06
70,37,119,2025-07-06
393,37,161,2025-07-06
20,37,119,2025-07-06
212,37,94,2025-07-06
465,37,196,2025-07-06
450,37,91,2025-07-06
281,37,91,2025-07-06
476,37,84,2025-07-06
238,37,151,2025-07-06
453,37,89,2025-07-06
52,37,143,2025-07-06
383,37,157,2025-07-06
290,37,50,2025-07-06
445,37,95,2025-07-06
84,37,157,2025-07-06
337,37,44,2025-07-06
481,37,135,2025-07-06
217,37,35,2025-07-06
333,37,20,2025-07-06
64,37,112,2025-07-06
464,37,108,2025-07-06
418,37,88,2025-07-06
94,37,123,2025-07-06
291,38,66,2025-07-06
118,38,184,2025-07-06
448,38,79,2025-07-06
457,38,199,2025-07-06
488,38,34,2025-07-06
252,38,124,2025-07-06
227,38,93,2025-07-06
243,38,145,2025-07-06
116,38,18,2025-07-06
236,38,127,2025-07-06
159,38,112,2025-07-06
213,38,47,2025-07-06
98,38,37,2025-07-06
251,38,86,2025-07-06
7,38,16,2025-07-06
140,38,168,2025-07-06
53,38,42,2025-07-06
4,38,150,2025-07-06
368,38,160,2025-07-06
379,38,172,2025-07-06
73,38,76,2025-07-06
247,38,141,2025-07-06
246,38,75,2025-07-06
161,38,57,2025-07-06
344,38,112,2025-07-06
418,38,77,2025-07-06
264,38,6,2025-07-06
107,38,200,2025-07-06
82,38,83,2025-07-06
3,38,199,2025-07-06
39,38,130,2025-07-06
91,38,43,2025-07-06
134,38,91,2025-07-06
181,38,86,2025-07-06
128,38,199,2025-07-06
216,38,108,2025-07-06
315,38,83,2025-07-06
394,38,95,2025-07-06
478,38,32,2025-07-06
92,38,149,2025-07-06
66,38,89,2025-07-06
133,38,64,2025-07-06
405,38,95,2025-07-06
385,38,91,2025-07-06
411,38,140,2025-07-06
400,38,80,2025-07-06
499,38,33,2025-07-06
249,38,110,2025-07-06
312,38,89,2025-07-06
487,38,120,2025-07-06
165,39,109,2025-07-06
266,39,136,2025-07-06
124,39,200,2025-07-06
476,39,103,2025-07-06
203,39,121,2025-07-06
388,39,194,2025-07-06
338,39,63,2025-07-06
142,39,9,2025-07-06
352,39,176,2025-07-06
113,39,189,2025-07-06
112,39,164,2025-07-06
360,39,41,2025-07-06
18,39,141,2025-07-06
65,39,51,2025-07-06
381,39,21,2025-07-06
174,39,133,2025-07-06
420,39,123,2025-07-06
126,39,136,2025-07-06
104,39,13,2025-07-06
284,39,131,2025-07-06
466,39,10,2025-07-06
369,39,20,2025-07-06
337,39,18,2025-07-06
233,39,109,2025-07-06
120,39,21,2025-07-06
344,39,4,2025-07-06
121,39,31,2025-07-06
55,39,174,2025-07-06
31,39,124,2025-07-06
478,39,78,2025-07-06
145,39,97,2025-07-06
198,39,191,2025-07-06
263,39,165,2025-07-06
434,39,86,2025-07-06
310,39,162,2025-07-06
445,39,95,2025-07-06
196,39,145,2025-07-06
58,39,69,2025-07-06
281,39,29,2025-07-06
192,39,76,2025-07-06
122,39,178,2025-07-06
2,39,160,2025-07-06
43,39,134,2025-07-06
84,39,58,2025-07-06
76,39,3,2025-07-06
292,39,40,2025-07-06
288,39,185,2025-07-06
61,39,59,2025-07-06
45,39,115,2025-07-06
205,39,170,2025-07-06
186,40,103,2025-07-06
111,40,186,2025-07-06
433,40,67,2025-07-06
133,40,107,2025-07-06
213,40,133,2025-07-06
227,40,37,2025-07-06
282,40,30,2025-07-06
309,40,42,2025-07-06
62,40,173,2025-07-06
397,40,11,2025-07-06
120,40,162,2025-07-06
489,40,87,2025-07-06
293,40,107,2025-07-06
338,40,63,2025-07-06
97,40,72,2025-07-06
464,40,198,2025-07-06
203,40,12,2025-07-06
260,40,169,2025-07-06
90,40,46,2025-07-06
50,40,9,2025-07-06
295,40,191,2025-07-06
378,40,4,2025-07-06
231,40,27,2025-07-06
267,40,178,2025-07-06
31,40,187,2025-07-06
183,40,165,2025-07-06
352,40,22,2025-07-06
255,40,85,2025-07-06
246,40,196,2025-07-06
297,40,161,2025-07-06
390,40,76,2025-07-06
296,40,38,2025-07-06
499,40,64,2025-07-06
195,40,119,2025-07-06
143,40,36,2025-07-06
249,40,196,2025-07-06
122,40,113,2025-07-06
159,40,96,2025-07-06
371,40,93,2025-07-06
247,40,24,2025-07-06
428,40,47,2025-07-06
63,40,23,2025-07-06
109,40,98,2025-07-06
310,40,124,2025-07-06
235,40,13,2025-07-06
212,40,191,2025-07-06
25,40,169,2025-07-06
87,40,197,2025-07-06
40,40,161,2025-07-06
256,40,169,2025-07-06
342,41,98,2025-07-06
403,41,142,2025-07-06
417,41,190,2025-07-06
57,41,190,2025-07-06
488,41,143,2025-07-06
86,41,49,2025-07-06
371,41,148,2025-07-06
131,41,104,2025-07-06
226,41,107,2025-07-06
203,41,188,2025-07-06
218,41,159,2025-07-06
230,41,161,2025-07-06
468,41,121,2025-07-06
201,41,108,2025-07-06
240,41,29,2025-07-06
301,41,185,2025-07-06
261,41,78,2025-07-06
103,41,158,2025-07-06
378,41,178,2025-07-06
127,41,48,2025-07-06
489,41,138,2025-07-06
93,41,63,2025-07-06
424,41,106,2025-07-06
287,41,167,2025-07-06
339,41,109,2025-07-06
348,41,91,2025-07-06
50,41,199,2025-07-06
115,41,94,2025-07-06
224,41,189,2025-07-06
106,41,44,2025-07-06
193,41,68,2025-07-06
367,41,68,2025-07-06
427,41,71,2025-07-06
315,41,88,2025-07-06
476,41,94,2025-07-06
181,41,74,2025-07-06
15,41,111,2025-07-06
68,41,181,2025-07-06
148,41,183,2025-07-06
256,41,82,2025-07-06
399,41,31,2025-07-06
31,41,194,2025-07-06
326,41,26,2025-07-06
450,41,53,2025-07-06
210,41,43,2025-07-06
110,41,133,2025-07-06
104,41,58,2025-07-06
4,41,18,2025-07-06
363,41,38,2025-07-06
7,41,110,2025-07-06
357,42,171,2025-07-06
185,42,183,2025-07-06
440,42,143,2025-07-06
372,42,9,2025-07-06
360,42,158,2025-07-06
108,42,73,2025-07-06
23,42,126,2025-07-06
120,42,200,2025-07-06
297,42,192,2025-07-06
487,42,130,2025-07-06
83,42,93,2025-07-06
190,42,131,2025-07-06
253,42,161,2025-07-06
136,42,33,2025-07-06
432,42,176,2025-07-06
318,42,44,2025-07-06
85,42,173,2025-07-06
368,42,199,2025-07-06
385,42,99,2025-07-06
323,42,138,2025-07-06
341,42,162,2025-07-06
226,42,152,2025-07-06
378,42,120,2025-07-06
261,42,194,2025-07-06
71,42,152,2025-07-06
499,42,93,2025-07-06
104,42,55,2025-07-06
75,42,55,2025-07-06
201,42,23,2025-07-06
245,42,1,2025-07-06
99,42,105,2025-07-06
326,42,4,2025-07-06
334,42,132,2025-07-06
197,42,33,2025-07-06
233,42,156,2025-07-06
287,42,32,2025-07-06
126,42,62,2025-07-06
422,42,94,2025-07-06
411,42,148,2025-07-06
431,42,151,2025-07-06
494,42,12,2025-07-06
492,42,79,2025-07-06
491,42,104,2025-07-06
303,42,7,2025-07-06
344,42,200,2025-07-06
498,42,61,2025-07-06
180,42,28,2025-07-06
98,42,1,2025-07-06
200,42,58,2025-07-06
169,42,101,2025-07-06
29,43,75,2025-07-06
42,43,154,2025-07-06
251,43,173,2025-07-06
439,43,120,2025-07-06
15,43,197,2025-07-06
268,43,17,2025-07-06
184,43,117,2025-07-06
449,43,177,2025-07-06
144,43,82,2025-07-06
472,43,176,2025-07-06
295,43,193,2025-07-06
205,43,118,2025-07-06
62,43,6,2025-07-06
220,43,35,2025-07-06
122,43,14,2025-07-06
242,43,60,2025-07-06
229,43,103,2025-07-06
218,43,125,2025-07-06
269,43,72,2025-07-06
19,43,13,2025-07-06
388,43,116,2025-07-06
429,43,135,2025-07-06
250,43,183,2025-07-06
315,43,110,2025-07-06
175,43,124,2025-07-06
492,43,69,2025-07-06
355,43,184,2025-07-06
281,43,49,2025-07-06
164,43,109,2025-07-06
286,43,109,2025-07-06
367,43,42,2025-07-06
441,43,197,2025-07-06
417,43,137,2025-07-06
485,43,116,2025-07-06
140,43,56,2025-07-06
139,43,116,2025-07-06
219,43,152,2025-07-06
255,43,135,2025-07-06
155,43,50,2025-07-06
497,43,111,2025-07-06
406,43,126,2025-07-06
322,43,28,2025-07-06
389,43,40,2025-07-06
75,43,32,2025-07-06
272,43,119,2025-07-06
207,43,153,2025-07-06
381,43,70,2025-07-06
257,43,71,2025-07-06
410,43,59,2025-07-06
239,43,42,2025-07-06
179,44,54,2025-07-06
425,44,49,2025-07-06
52,44,71,2025-07-06
328,44,197,2025-07-06
63,44,102,2025-07-06
244,44,146,2025-07-06
196,44,172,2025-07-06
84,44,41,2025-07-06
461,44,1,2025-07-06
415,44,173,2025-07-06
330,44,48,2025-07-06
395,44,6,2025-07-06
380,44,130,2025-07-06
355,44,98,2025-07-06
266,44,62,2025-07-06
116,44,25,2025-07-06
47,44,125,2025-07-06
441,44,167,2025-07-06
449,44,122,2025-07-06
232,44,181,2025-07-06
74,44,2,2025-07-06
126,44,128,2025-07-06
125,44,10,2025-07-06
102,44,37,2025-07-06
157,44,141,2025-07-06
238,44,38,2025-07-06
188,44,166,2025-07-06
373,44,142,2025-07-06
387,44,135,2025-07-06
424,44,148,2025-07-06
428,44,43,2025-07-06
358,44,162,2025-07-06
467,44,144,2025-07-06
494,44,200,2025-07-06
412,44,38,2025-07-06
220,44,143,2025-07-06
23,44,80,2025-07-06
422,44,180,2025-07-06
454,44,9,2025-07-06
299,44,1,2025-07-06
406,44,60,2025-07-06
44,44,63,2025-07-06
49,44,8,2025-07-06
398,44,48,2025-07-06
69,44,76,2025-07-06
359,44,132,2025-07-06
253,44,172,2025-07-06
186,44,80,2025-07-06
94,44,165,2025-07-06
226,44,118,2025-07-06
39,45,192,2025-07-06
444,45,182,2025-07-06
338,45,84,2025-07-06
418,45,71,2025-07-06
153,45,180,2025-07-06
98,45,37,2025-07-06
31,45,19,2025-07-06
76,45,130,2025-07-06
337,45,13,2025-07-06
38,45,161,2025-07-06
139,45,139,2025-07-06
78,45,75,2025-07-06
3,45,1,2025-07-06
13,45,106,2025-07-06
493,45,12,2025-07-06
263,45,169,2025-07-06
46,45,156,2025-07-06
197,45,135,2025-07-06
65,45,167,2025-07-06
5,45,61,2025-07-06
293,45,190,2025-07-06
435,45,128,2025-07-06
368,45,195,2025-07-06
398,45,31,2025-07-06
86,45,100,2025-07-06
387,45,95,2025-07-06
198,45,27,2025-07-06
345,45,77,2025-07-06
36,45,9,2025-07-06
268,45,34,2025-07-06
497,45,112,2025-07-06
72,45,147,2025-07-06
111,45,76,2025-07-06
69,45,84,2025-07-06
272,45,191,2025-07-06
258,45,122,2025-07-06
262,45,135,2025-07-06
216,45,175,2025-07-06
152,45,144,2025-07-06
231,45,100,2025-07-06
70,45,113,2025-07-06
278,45,49,2025-07-06
252,45,88,2025-07-06
365,45,92,2025-07-06
386,45,20,2025-07-06
238,45,59,2025-07-06
383,45,74,2025-07-06
192,45,87,2025-07-06
392,45,25,2025-07-06
377,45,54,2025-07-06
280,46,167,2025-07-06
295,46,91,2025-07-06
114,46,82,2025-07-06
216,46,86,2025-07-06
426,46,195,2025-07-06
83,46,189,2025-07-06
300,46,84,2025-07-06
147,46,21,2025-07-06
412,46,87,2025-07-06
221,46,199,2025-07-06
342,46,89,2025-07-06
240,46,140,2025-07-06
340,46,200,2025-07-06
472,46,45,2025-07-06
494,46,52,2025-07-06
220,46,168,2025-07-06
28,46,181,2025-07-06
411,46,186,2025-07-06
285,46,159,2025-07-06
91,46,73,2025-07-06
448,46,135,2025-07-06
319,46,191,2025-07-06
358,46,13,2025-07-06
250,46,22,2025-07-06
29,46,68,2025-07-06
176,46,78,2025-07-06
222,46,193,2025-07-06
247,46,127,2025-07-06
364,46,73,2025-07-06
445,46,177,2025-07-06
475,46,191,2025-07-06
7,46,145,2025-07-06
32,46,0,2025-07-06
327,46,13,2025-07-06
63,46,152,2025-07-06
386,46,62,2025-07-06
276,46,128,2025-07-06
339,46,117,2025-07-06
291,46,30,2025-07-06
82,46,86,2025-07-06
356,46,115,2025-07-06
17,46,57,2025-07-06
76,46,3,2025-07-06
400,46,65,2025-07-06
449,46,76,2025-07-06
211,46,41,2025-07-06
367,46,102,2025-07-06
53,46,64,2025-07-06
288,46,61,2025-07-06
160,46,2,2025-07-06
476,47,39,2025-07-06
487,47,158,2025-07-06
355,47,38,2025-07-06
423,47,132,2025-07-06
388,47,22,2025-07-06
426,47,26,2025-07-06
115,47,79,2025-07-06
105,47,39,2025-07-06
31,47,26,2025-07-06
231,47,154,2025-07-06
359,47,70,2025-07-06
485,47,165,2025-07-06
249,47,11,2025-07-06
404,47,61,2025-07-06
118,47,42,2025-07-06
365,47,97,2025-07-06
333,47,86,2025-07-06
116,47,34,2025-07-06
374,47,118,2025-07-06
448,47,151,2025-07-06
100,47,187,2025-07-06
261,47,66,2025-07-06
166,47,16,2025-07-06
64,47,54,2025-07-06
48,47,95,2025-07-06
259,47,189,2025-07-06
271,47,10,2025-07-06
289,47,126,2025-07-06
13,47,72,2025-07-06
497,47,96,2025-07-06
340,47,152,2025-07-06
394,47,103,2025-07-06
95,47,94,2025-07-06
190,47,200,2025-07-06
32,47,196,2025-07-06
248,47,17,2025-07-06
320,47,107,2025-07-06
207,47,84,2025-07-06
264,47,88,2025-07-06
384,47,144,2025-07-06
212,47,172,2025-07-06
267,47,136,2025-07-06
226,47,47,2025-07-06
282,47,190,2025-07-06
308,47,67,2025-07-06
393,47,145,2025-07-06
307,47,136,2025-07-06
1,47,145,2025-07-06
178,47,100,2025-07-06
395,47,191,2025-07-06
364,48,192,2025-07-06
319,48,70,2025-07-06
123,48,134,2025-07-06
258,48,128,2025-07-06
132,48,194,2025-07-06
64,48,162,2025-07-06
283,48,171,2025-07-06
165,48,94,2025-07-06
88,48,115,2025-07-06
42,48,31,2025-07-06
242,48,174,2025-07-06
183,48,83,2025-07-06
89,48,71,2025-07-06
190,48,139,2025-07-06
141,48,11,2025-07-06
358,48,77,2025-07-06
117,48,5,2025-07-06
244,48,111,2025-07-06
474,48,197,2025-07-06
469,48,84,2025-07-06
149,48,33,2025-07-06
394,48,8,2025-07-06
139,48,121,2025-07-06
22,48,120,2025-07-06
316,48,181,2025-07-06
128,48,96,2025-07-06
392,48,46,2025-07-06
496,48,30,2025-07-06
98,48,199,2025-07-06
236,48,52,2025-07-06
156,48,33,2025-07-06
433,48,116,2025-07-06
54,48,75,2025-07-06
96,48,49,2025-07-06
158,48,92,2025-07-06
83,48,43,2025-07-06
406,48,14,2025-07-06
418,48,183,2025-07-06
121,48,143,2025-07-06
203,48,28,2025-07-06
439,48,70,2025-07-06
49,48,73,2025-07-06
320,48,182,2025-07-06
404,48,102,2025-07-06
403,48,19,2025-07-06
460,48,72,2025-07-06
43,48,191,2025-07-06
268,48,180,2025-07-06
101,48,123,2025-07-06
109,48,77,2025-07-06
44,49,48,2025-07-06
35,49,173,2025-07-06
403,49,78,2025-07-06
263,49,87,2025-07-06
266,49,37,2025-07-06
443,49,53,2025-07-06
323,49,126,2025-07-06
224,49,43,2025-07-06
137,49,89,2025-07-06
333,49,167,2025-07-06
234,49,41,2025-07-06
468,49,81,2025-07-06
88,49,128,2025-07-06
156,49,93,2025-07-06
359,49,123,2025-07-06
258,49,193,2025-07-06
447,49,18,2025-07-06
302,49,40,2025-07-06
438,49,42,2025-07-06
155,49,118,2025-07-06
60,49,163,2025-07-06
144,49,111,2025-07-06
280,49,192,2025-07-06
27,49,171,2025-07-06
396,49,116,2025-07-06
82,49,141,2025-07-06
120,49,175,2025-07-06
328,49,16,2025-07-06
257,49,3,2025-07-06
474,49,49,2025-07-06
399,49,39,2025-07-06
324,49,179,2025-07-06
79,49,26,2025-07-06
405,49,29,2025-07-06
451,49,115,2025-07-06
391,49,17,2025-07-06
163,49,37,2025-07-06
231,49,199,2025-07-06
332,49,156,2025-07-06
339,49,175,2025-07-06
153,49,172,2025-07-06
301,49,181,2025-07-06
5,49,77,2025-07-06
107,49,156,2025-07-06
444,49,69,2025-07-06
125,49,30,2025-07-06
8,49,40,2025-07-06
58,49,81,2025-07-06
187,49,98,2025-07-06
179,49,192,2025-07-06
417,50,17,2025-07-06
86,50,91,2025-07-06
140,50,153,2025-07-06
332,50,48,2025-07-06
467,50,117,2025-07-06
499,50,85,2025-07-06
401,50,13,2025-07-06
409,50,40,2025-07-06
184,50,51,2025-07-06
155,50,172,2025-07-06
404,50,127,2025-07-06
186,50,195,2025-07-06
462,50,1,2025-07-06
345,50,85,2025-07-06
484,50,173,2025-07-06
308,50,41,2025-07-06
13,50,48,2025-07-06
353,50,100,2025-07-06
217,50,145,2025-07-06
48,50,87,2025-07-06
470,50,64,2025-07-06
261,50,112,2025-07-06
143,50,38,2025-07-06
65,50,59,2025-07-06
414,50,5,2025-07-06
270,50,13,2025-07-06
147,50,174,2025-07-06
118,50,169,2025-07-06
390,50,1,2025-07-06
83,50,143,2025-07-06
47,50,45,2025-07-06
61,50,45,2025-07-06
56,50,55,2025-07-06
262,50,183,2025-07-06
21,50,133,2025-07-06
427,50,60,2025-07-06
399,50,50,2025-07-06
224,50,169,2025-07-06
320,50,63,2025-07-06
368,50,61,2025-07-06
168,50,149,2025-07-06
403,50,164,2025-07-06
477,50,23,2025-07-06
374,50,91,2025-07-06
236,50,156,2025-07-06
213,50,122,2025-07-06
419,50,60,2025-07-06
11,50,21,2025-07-06
7,50,113,2025-07-06
160,50,19,2025-07-06
